pathway,n_genes,n_selected,selection_rate,importance_score_mean,importance_score_median,importance_score_max,importance_score_sum,perm_importance_mean,perm_importance_median,perm_importance_max,perm_importance_sum,importance_score_normalized,perm_importance_normalized
MMR_hsa03430,23,18,0.782608695652174,0.06405398581454783,0.0191605447892789,0.3995711726456074,1.4732416737346001,-0.00012331019364267593,0.0,0.0017857142857142683,-0.0028361344537815468,0.06405398581454783,-0.00012331019364267593
IGF1_signaling,43,28,0.6511627906976745,0.062237682817310395,0.01322922365328128,0.5247009893843878,2.676220361144347,0.0008354504592534677,0.0,0.01428571428571429,0.03592436974789911,0.062237682817310395,0.0008354504592534677
mTOR_hsa04150,67,47,0.7014925373134329,0.054278141870381415,0.016859111688050456,0.4020157815305199,3.636635505315555,-0.0005628370751285621,0.0,0.005252100840336127,-0.03771008403361366,0.054278141870381415,-0.0005628370751285621
PI3K_Akt_hsa04151,351,227,0.6467236467236467,0.048777896804692474,0.013797642818233268,0.5585623205529383,17.121041778447058,-0.00013706337235749161,0.0,0.026050420168067225,-0.048109243697479556,0.048777896804692474,-0.00013706337235749161
MAPK_hsa04010,159,108,0.6792452830188679,0.045376752827096606,0.009281324042867026,0.5367025769247392,7.21490369950836,6.672480312879714e-05,0.0,0.021638655462184842,0.010609243697478746,0.045376752827096606,6.672480312879714e-05
p53_hsa04115,56,35,0.625,0.043908066611735685,0.00944412003001848,0.3709222880754133,2.4588517302571984,0.0005120798319327699,0.0,0.015126050420168046,0.028676470588235116,0.043908066611735685,0.0005120798319327699
WNT_hsa04310,174,101,0.5804597701149425,0.042018444961945726,0.005736808463602024,0.5755326087550182,7.311209423378557,0.00011349367333139981,0.0,0.037079831932773075,0.019747899159663566,0.042018444961945726,0.00011349367333139981
