{
  "outer_cv_metrics": {
    "auroc_mean": 0.6569787619787619,
    "auroc_std": 0.09368470225733841,
    "auprc_mean": 0.42225416571375374,
    "auprc_std": 0.08932380115186071,
    "f1_mean": 0.4100630238733514,
    "f1_std": 0.12852144120479148,
    "recall_mean": 0.5007326007326008,
    "recall_std": 0.1714887723194523,
    "specificity_mean": 0.7256228956228957,
    "specificity_std": 0.08425924604495932,
    "accuracy_mean": 0.6724137931034483,
    "accuracy_std": 0.059288020337981355
  },
  "test_set_metrics": {
    "auroc": 0.7016806722689075,
    "auprc": 0.37341380322879375,
    "f1": 0.4888888888888889,
    "recall": 0.6470588235294118,
    "precision": 0.39285714285714285,
    "specificity": 0.6964285714285714,
    "accuracy": 0.684931506849315,
    "tp": 11,
    "fp": 17,
    "tn": 39,
    "fn": 6
  },
  "final_model_params": {
    "selector__k": 300,
    "classifier__l1_ratio": 0.2,
    "classifier__C": 0.01
  },
  "n_outer_folds": 15,
  "n_inner_folds": 5
}